INSERT INTO game_user (id, active_status, email_address, first_name, last_name, password, username) VALUES (1, false, 'kathywilkinson@example.org', 'Justin', 'Chapman', '_mR&u$rmF0', 'riveradaniel');
INSERT INTO game_user (id, active_status, email_address, first_name, last_name, password, username) VALUES (2, true, 'rodriguezcarlos@example.com', 'Jared', 'Owens', '*0ZiBVazZ$', 'heathgregory');
INSERT INTO game_user (id, active_status, email_address, first_name, last_name, password, username) VALUES (3, false, 'alan62@example.com', 'Suzanne', 'Gonzales', '#d4PAE(Lr+', 'david20');
INSERT INTO game_user (id, active_status, email_address, first_name, last_name, password, username) VALUES (4, false, 'adrianfrey@example.org', 'Kevin', 'Stone', '!(7cQa+Jn&', 'yperez');
INSERT INTO game_user (id, active_status, email_address, first_name, last_name, password, username) VALUES (5, true, 'weaverandrea@example.org', 'Lauren', 'Mueller', '*GQFKVwqH9', 'rodriguezcarol');
INSERT INTO game_user (id, active_status, email_address, first_name, last_name, password, username) VALUES (6, true, 'nicole85@example.com', 'Alicia', 'Martinez', '_0gUsm2@#b', 'amanda04');
INSERT INTO game_user (id, active_status, email_address, first_name, last_name, password, username) VALUES (7, true, 'bmorgan@example.net', 'Jesus', 'Pena', '$0My@jKs_Z', 'erussell');
INSERT INTO game_user (id, active_status, email_address, first_name, last_name, password, username) VALUES (8, false, 'ericstewart@example.net', 'Lynn', 'Brown', 'XK$65Sdy5^', 'griffinmichael');
INSERT INTO game_user (id, active_status, email_address, first_name, last_name, password, username) VALUES (9, false, 'tommyswanson@example.com', 'Rebecca', 'Blackwell', '$T3dLff3Fs', 'roberttaylor');
INSERT INTO game_user (id, active_status, email_address, first_name, last_name, password, username) VALUES (10, true, 'joshuasantos@example.org', 'Faith', 'Walsh', '(&7CN)vcPq', 'acraig');
INSERT INTO player_character (id, class_id, experience, level, pc_name, game_user_id) VALUES (1, 10, 253, 17, 'Character_1', 9);
INSERT INTO player_character (id, class_id, experience, level, pc_name, game_user_id) VALUES (2, 3, 480, 3, 'Character_2', 8);
INSERT INTO player_character (id, class_id, experience, level, pc_name, game_user_id) VALUES (3, 4, 237, 33, 'Character_3', 3);
INSERT INTO player_character (id, class_id, experience, level, pc_name, game_user_id) VALUES (4, 9, 379, 7, 'Character_4', 9);
INSERT INTO player_character (id, class_id, experience, level, pc_name, game_user_id) VALUES (5, 5, 72, 41, 'Character_5', 6);
INSERT INTO player_character (id, class_id, experience, level, pc_name, game_user_id) VALUES (6, 9, 261, 38, 'Character_6', 8);
INSERT INTO player_character (id, class_id, experience, level, pc_name, game_user_id) VALUES (7, 10, 10, 50, 'Character_7', 7);
INSERT INTO player_character (id, class_id, experience, level, pc_name, game_user_id) VALUES (8, 1, 307, 10, 'Character_8', 9);
INSERT INTO player_character (id, class_id, experience, level, pc_name, game_user_id) VALUES (9, 1, 67, 25, 'Character_9', 4);
INSERT INTO player_character (id, class_id, experience, level, pc_name, game_user_id) VALUES (10, 6, 313, 3, 'Character_10', 6);
INSERT INTO item (id, item_effect, item_level, item_name, item_rarity, item_type) VALUES (1, 'Effect_3', 18, 'Item_1', 'Epic', 'Armor');
INSERT INTO item (id, item_effect, item_level, item_name, item_rarity, item_type) VALUES (2, 'Effect_4', 1, 'Item_2', 'Uncommon', 'Armor');
INSERT INTO item (id, item_effect, item_level, item_name, item_rarity, item_type) VALUES (3, 'Effect_3', 12, 'Item_3', 'Epic', 'Weapon');
INSERT INTO item (id, item_effect, item_level, item_name, item_rarity, item_type) VALUES (4, 'Effect_4', 45, 'Item_4', 'Uncommon', 'Weapon');
INSERT INTO item (id, item_effect, item_level, item_name, item_rarity, item_type) VALUES (5, 'Effect_10', 49, 'Item_5', 'Epic', 'Weapon');
INSERT INTO item (id, item_effect, item_level, item_name, item_rarity, item_type) VALUES (6, 'Effect_3', 9, 'Item_6', 'Rare', 'Accessory');
INSERT INTO item (id, item_effect, item_level, item_name, item_rarity, item_type) VALUES (7, 'Effect_6', 23, 'Item_7', 'Uncommon', 'Armor');
INSERT INTO item (id, item_effect, item_level, item_name, item_rarity, item_type) VALUES (8, 'Effect_3', 4, 'Item_8', 'Uncommon', 'Armor');
INSERT INTO item (id, item_effect, item_level, item_name, item_rarity, item_type) VALUES (9, 'Effect_7', 34, 'Item_9', 'Common', 'Accessory');
INSERT INTO item (id, item_effect, item_level, item_name, item_rarity, item_type) VALUES (10, 'Effect_1', 1, 'Item_10', 'Legendary', 'Accessory');
INSERT INTO player_character_item (id, is_equipped, upgrade_tier, item_id, playercharacter_id) VALUES (1, true, 7, 6, 5), (2, false, 1, 1, 1), (3, true, 3, 7, 6), (4, false, 9, 10, 10), (5, false, 7, 3, 1), (6, false, 1, 8, 6), (7, true, 9, 9, 6), (8, true, 6, 5, 7), (9, true, 3, 1, 4), (10, false, 6, 10, 4), (11, true, 3, 6, 4), (12, false, 3, 10, 3), (13, true, 9, 3, 3), (14, true, 2, 8, 1), (15, true, 3, 3, 7), (16, false, 8, 3, 2), (17, true, 2, 3, 7), (18, false, 9, 6, 4), (19, false, 1, 1, 9), (20, true, 6, 3, 5), (21, false, 4, 7, 1), (22, false, 6, 4, 6), (23, true, 4, 9, 10), (24, false, 8, 3, 3), (25, false, 9, 10, 10), (26, false, 1, 5, 10), (27, true, 2, 1, 7), (28, true, 2, 4, 4), (29, false, 9, 2, 3), (30, false, 1, 2, 3), (31, true, 6, 4, 3), (32, false, 4, 6, 7), (33, true, 1, 10, 7), (34, true, 6, 2, 10), (35, false, 8, 7, 4), (36, true, 6, 1, 5), (37, false, 2, 9, 7), (38, true, 5, 6, 5), (39, false, 6, 8, 8), (40, false, 9, 9, 4), (41, false, 7, 10, 1), (42, true, 4, 1, 8), (43, true, 7, 4, 3), (44, true, 2, 9, 10), (45, true, 10, 2, 7), (46, false, 6, 4, 6), (47, true, 5, 4, 10), (48, false, 8, 4, 8), (49, false, 4, 10, 4), (50, true, 6, 2, 8), (51, false, 6, 2, 6), (52, false, 7, 5, 9), (53, true, 8, 8, 2), (54, true, 5, 2, 8), (55, true, 2, 3, 5), (56, true, 5, 9, 9), (57, true, 4, 9, 6), (58, false, 8, 9, 3), (59, true, 2, 6, 7), (60, true, 6, 6, 6), (61, true, 6, 3, 4), (62, false, 7, 6, 9), (63, true, 8, 10, 10), (64, true, 7, 3, 3), (65, true, 8, 1, 3), (66, false, 1, 5, 6), (67, false, 4, 8, 10), (68, true, 8, 1, 5), (69, false, 5, 4, 8), (70, false, 8, 3, 6), (71, true, 6, 2, 5), (72, true, 1, 8, 5), (73, false, 3, 10, 7), (74, true, 8, 7, 7), (75, false, 8, 9, 3), (76, false, 8, 1, 10), (77, true, 2, 2, 4), (78, true, 1, 8, 8), (79, false, 6, 2, 9), (80, false, 6, 10, 6), (81, true, 1, 5, 9), (82, false, 1, 2, 10), (83, false, 7, 7, 5), (84, false, 5, 8, 1), (85, false, 6, 6, 10), (86, true, 1, 8, 9), (87, true, 4, 4, 10), (88, true, 3, 9, 3), (89, false, 1, 4, 6), (90, true, 6, 1, 3), (91, true, 10, 6, 9), (92, false, 10, 10, 9), (93, true, 1, 7, 10), (94, false, 9, 1, 3), (95, true, 6, 8, 6), (96, true, 3, 8, 7), (97, false, 8, 8, 10), (98, false, 3, 10, 8), (99, false, 6, 2, 7), (100, true, 10, 10, 1), (101, true, 7, 4, 1), (102, false, 4, 4, 9), (103, false, 5, 5, 5), (104, true, 10, 3, 4), (105, true, 2, 10, 3), (106, false, 4, 8, 9), (107, false, 5, 8, 2), (108, true, 10, 3, 9), (109, true, 6, 6, 5), (110, false, 7, 6, 7), (111, false, 6, 5, 6), (112, true, 10, 3, 4), (113, false, 10, 3, 7), (114, true, 3, 8, 6), (115, true, 9, 2, 3), (116, false, 9, 10, 6), (117, false, 5, 10, 2), (118, false, 5, 6, 6), (119, true, 2, 5, 6), (120, true, 6, 5, 3), (121, true, 9, 1, 9), (122, false, 1, 4, 1), (123, true, 6, 4, 8), (124, false, 10, 6, 7), (125, false, 1, 6, 3), (126, true, 8, 7, 5), (127, false, 3, 5, 8), (128, false, 7, 6, 10), (129, false, 2, 3, 7), (130, false, 3, 8, 9), (131, true, 2, 3, 5), (132, false, 9, 4, 5), (133, true, 3, 2, 7), (134, true, 3, 6, 9), (135, true, 9, 5, 6), (136, false, 6, 2, 6), (137, false, 9, 5, 8), (138, true, 10, 1, 4), (139, true, 8, 8, 5), (140, true, 9, 1, 2), (141, false, 6, 1, 7), (142, true, 5, 7, 3), (143, false, 10, 3, 7), (144, false, 8, 6, 7), (145, true, 4, 2, 5), (146, true, 10, 2, 9), (147, true, 8, 4, 3), (148, false, 3, 5, 7), (149, false, 7, 6, 9), (150, false, 2, 6, 1), (151, true, 7, 5, 4), (152, false, 6, 5, 9), (153, true, 4, 6, 7), (154, true, 5, 9, 9), (155, true, 9, 3, 9), (156, false, 3, 10, 5), (157, false, 9, 3, 7), (158, false, 7, 5, 6), (159, false, 4, 1, 3), (160, true, 6, 8, 10), (161, false, 9, 5, 4), (162, true, 3, 1, 4), (163, true, 7, 1, 4), (164, false, 2, 1, 3), (165, true, 10, 2, 10), (166, true, 2, 5, 8), (167, true, 4, 10, 1), (168, true, 2, 9, 7), (169, true, 2, 3, 7), (170, false, 3, 9, 7), (171, false, 4, 1, 10), (172, false, 5, 2, 3), (173, false, 5, 2, 8), (174, true, 5, 7, 4), (175, true, 5, 9, 7), (176, false, 7, 6, 5), (177, false, 3, 5, 10), (178, true, 2, 5, 5), (179, true, 2, 1, 5), (180, true, 5, 5, 10), (181, true, 1, 9, 8), (182, false, 2, 8, 5), (183, true, 2, 7, 5), (184, true, 2, 2, 5), (185, true, 8, 4, 5), (186, true, 4, 7, 8), (187, true, 6, 9, 6), (188, false, 9, 1, 8), (189, true, 4, 6, 2), (190, true, 5, 6, 2), (191, true, 9, 4, 2), (192, true, 9, 5, 8), (193, false, 7, 7, 3), (194, true, 9, 8, 9), (195, true, 1, 3, 9), (196, false, 9, 3, 8), (197, false, 2, 4, 4), (198, true, 1, 2, 9), (199, false, 8, 4, 2), (200, false, 2, 10, 7), (201, false, 7, 6, 10), (202, true, 6, 4, 4), (203, true, 4, 10, 3), (204, false, 8, 7, 3), (205, false, 9, 7, 10), (206, true, 6, 4, 5), (207, true, 6, 9, 9), (208, true, 7, 8, 1), (209, false, 3, 3, 8), (210, true, 6, 9, 9), (211, false, 6, 5, 4), (212, true, 10, 8, 1), (213, true, 2, 8, 10), (214, true, 9, 6, 4), (215, true, 2, 8, 6), (216, false, 10, 7, 7), (217, false, 8, 5, 3), (218, true, 1, 6, 6), (219, true, 6, 2, 4), (220, false, 1, 6, 6), (221, true, 6, 8, 10), (222, false, 3, 5, 7), (223, false, 9, 5, 10), (224, true, 2, 6, 5), (225, true, 4, 8, 1), (226, false, 4, 4, 3), (227, true, 9, 4, 8), (228, true, 2, 10, 6), (229, true, 2, 4, 7), (230, true, 2, 5, 7), (231, false, 7, 4, 7), (232, false, 1, 7, 1), (233, false, 3, 4, 10), (234, true, 4, 1, 7), (235, true, 8, 1, 5), (236, true, 2, 9, 1), (237, true, 5, 9, 1), (238, false, 2, 8, 9), (239, true, 6, 10, 5), (240, true, 2, 8, 5), (241, true, 1, 6, 6), (242, true, 7, 8, 3), (243, false, 6, 4, 6), (244, true, 10, 4, 10), (245, false, 1, 2, 8), (246, true, 8, 7, 1), (247, false, 4, 10, 3), (248, true, 9, 4, 3), (249, true, 7, 4, 10), (250, true, 5, 7, 8), (251, false, 5, 3, 1), (252, true, 8, 7, 7), (253, true, 1, 4, 9), (254, false, 2, 4, 7), (255, true, 1, 3, 4), (256, false, 9, 10, 3), (257, false, 3, 4, 2), (258, false, 4, 1, 3), (259, false, 4, 7, 8), (260, false, 4, 2, 4), (261, true, 7, 1, 4), (262, false, 4, 8, 9), (263, false, 5, 2, 10), (264, true, 6, 8, 6), (265, false, 1, 1, 5), (266, true, 5, 8, 5), (267, true, 3, 10, 4), (268, true, 1, 10, 4), (269, false, 2, 5, 7), (270, true, 9, 8, 6), (271, false, 3, 3, 4), (272, true, 10, 3, 8), (273, true, 5, 3, 3), (274, false, 2, 7, 9), (275, true, 5, 2, 7), (276, false, 5, 5, 7), (277, true, 8, 2, 3), (278, false, 6, 9, 8), (279, true, 4, 7, 8), (280, false, 7, 8, 4), (281, false, 7, 3, 4), (282, true, 1, 7, 6), (283, true, 5, 5, 10), (284, false, 4, 3, 8), (285, false, 4, 5, 10), (286, true, 1, 10, 3), (287, false, 10, 3, 4), (288, false, 3, 10, 6), (289, true, 1, 2, 8), (290, true, 2, 9, 10), (291, true, 7, 8, 2), (292, false, 7, 7, 1), (293, true, 7, 4, 5), (294, false, 5, 4, 5), (295, false, 10, 5, 10), (296, false, 6, 2, 5), (297, false, 9, 1, 4), (298, false, 8, 7, 1), (299, true, 6, 6, 4), (300, false, 4, 6, 3), (301, true, 7, 9, 5), (302, false, 1, 10, 4), (303, false, 6, 9, 2), (304, true, 6, 9, 1), (305, false, 9, 2, 6), (306, false, 1, 8, 10), (307, true, 9, 1, 10), (308, false, 10, 8, 10), (309, true, 6, 8, 9), (310, true, 6, 9, 9), (311, true, 4, 9, 10), (312, false, 9, 5, 7), (313, true, 10, 5, 8), (314, false, 3, 2, 5), (315, false, 2, 8, 6), (316, false, 10, 1, 1), (317, true, 8, 3, 2), (318, true, 6, 1, 6), (319, true, 3, 10, 2), (320, false, 1, 7, 9), (321, true, 4, 10, 7), (322, true, 5, 7, 9), (323, false, 1, 1, 10), (324, true, 4, 10, 5), (325, true, 4, 10, 1), (326, false, 10, 4, 8), (327, true, 8, 5, 1), (328, false, 5, 2, 3), (329, false, 7, 8, 5), (330, false, 3, 6, 5), (331, true, 7, 2, 1), (332, false, 9, 5, 1), (333, false, 3, 8, 8), (334, true, 2, 10, 8), (335, true, 10, 8, 7), (336, false, 6, 1, 7), (337, true, 5, 5, 4), (338, false, 4, 9, 10), (339, false, 10, 3, 3), (340, false, 3, 5, 4), (341, true, 8, 2, 5), (342, false, 10, 8, 10), (343, false, 7, 1, 3), (344, true, 5, 6, 7), (345, false, 10, 1, 9), (346, true, 4, 6, 8), (347, true, 6, 3, 2), (348, true, 10, 1, 6), (349, false, 7, 2, 1), (350, true, 5, 5, 1), (351, false, 3, 4, 3), (352, true, 8, 7, 9), (353, false, 9, 7, 10), (354, true, 5, 5, 10), (355, true, 6, 4, 2), (356, true, 9, 4, 6), (357, false, 9, 8, 7), (358, true, 10, 2, 4), (359, true, 5, 5, 1), (360, true, 3, 4, 5), (361, false, 9, 2, 4), (362, false, 10, 7, 5), (363, true, 7, 5, 8), (364, true, 10, 3, 5), (365, true, 2, 3, 8), (366, true, 1, 7, 1), (367, true, 4, 9, 9), (368, true, 1, 8, 5), (369, false, 8, 5, 3), (370, true, 7, 6, 5), (371, true, 4, 8, 9), (372, true, 2, 6, 9), (373, false, 9, 4, 5), (374, true, 6, 9, 5), (375, true, 5, 4, 3), (376, false, 3, 3, 2), (377, true, 7, 6, 6), (378, false, 5, 8, 8), (379, false, 9, 4, 5), (380, true, 5, 1, 4), (381, false, 6, 5, 4), (382, false, 10, 9, 7), (383, false, 6, 8, 5), (384, false, 3, 1, 2), (385, false, 9, 10, 4), (386, true, 7, 4, 7), (387, true, 2, 3, 6), (388, false, 9, 9, 9), (389, false, 10, 10, 6), (390, false, 8, 4, 4), (391, true, 3, 1, 4), (392, false, 7, 5, 10), (393, true, 1, 6, 7), (394, false, 10, 10, 1), (395, true, 2, 7, 8), (396, false, 7, 1, 3), (397, true, 8, 3, 4), (398, true, 5, 2, 1), (399, true, 3, 7, 4), (400, true, 5, 6, 5), (401, false, 5, 2, 5), (402, false, 10, 7, 1), (403, true, 5, 2, 3), (404, false, 7, 5, 2), (405, true, 10, 7, 1), (406, false, 10, 3, 2), (407, false, 5, 8, 5), (408, false, 4, 8, 1), (409, true, 1, 5, 6), (410, true, 2, 6, 5), (411, true, 10, 1, 10), (412, true, 5, 9, 10), (413, false, 6, 3, 4), (414, true, 2, 8, 10), (415, false, 9, 9, 3), (416, true, 6, 1, 9), (417, false, 9, 10, 8), (418, true, 4, 7, 4), (419, false, 8, 10, 6), (420, true, 2, 4, 10), (421, true, 9, 5, 2), (422, false, 4, 8, 7), (423, true, 9, 5, 9), (424, false, 3, 1, 8), (425, false, 9, 2, 1), (426, true, 5, 1, 10), (427, false, 10, 2, 6), (428, false, 7, 8, 5), (429, true, 10, 9, 6), (430, false, 9, 7, 8), (431, false, 2, 10, 2), (432, false, 6, 9, 9), (433, false, 4, 6, 2), (434, false, 1, 1, 2), (435, false, 8, 7, 5), (436, true, 9, 8, 3), (437, true, 3, 10, 2), (438, true, 3, 6, 10), (439, true, 2, 5, 3), (440, true, 8, 9, 3), (441, true, 5, 1, 3), (442, false, 4, 9, 5), (443, false, 5, 10, 7), (444, true, 7, 1, 3), (445, true, 8, 1, 9), (446, true, 4, 2, 1), (447, true, 3, 1, 3), (448, true, 9, 8, 3), (449, true, 7, 9, 3), (450, false, 5, 2, 9), (451, false, 5, 2, 1), (452, true, 6, 4, 6), (453, true, 10, 6, 3), (454, false, 2, 9, 1), (455, true, 5, 1, 10), (456, true, 7, 10, 8), (457, false, 5, 1, 7), (458, true, 7, 7, 8), (459, true, 7, 6, 1), (460, false, 10, 10, 5), (461, false, 4, 5, 10), (462, false, 5, 7, 4), (463, true, 9, 7, 2), (464, true, 6, 9, 5), (465, true, 10, 8, 9), (466, false, 6, 9, 8), (467, true, 10, 9, 3), (468, false, 10, 1, 8), (469, false, 4, 7, 5), (470, true, 3, 8, 10), (471, true, 4, 10, 1), (472, true, 1, 9, 3), (473, true, 7, 4, 6), (474, true, 5, 10, 8), (475, false, 7, 4, 9), (476, false, 3, 9, 9), (477, true, 6, 8, 8), (478, true, 7, 2, 1), (479, false, 6, 2, 8), (480, false, 9, 9, 1), (481, false, 9, 10, 6), (482, false, 6, 4, 6), (483, true, 8, 2, 6), (484, true, 10, 6, 7), (485, true, 2, 10, 10), (486, false, 2, 2, 7), (487, false, 5, 5, 4), (488, false, 1, 7, 8), (489, true, 10, 10, 3), (490, true, 9, 5, 3), (491, false, 3, 8, 1), (492, true, 5, 7, 4), (493, false, 1, 4, 8), (494, false, 1, 8, 4), (495, false, 6, 5, 3), (496, true, 4, 1, 4), (497, false, 4, 1, 7), (498, true, 7, 2, 2), (499, true, 10, 9, 4), (500, false, 3, 6, 8), (501, false, 9, 10, 10), (502, false, 4, 7, 9), (503, false, 4, 1, 4), (504, true, 10, 3, 5), (505, false, 4, 2, 4), (506, true, 3, 4, 5), (507, true, 7, 6, 9), (508, false, 5, 2, 9), (509, false, 10, 2, 4), (510, true, 7, 1, 1), (511, false, 6, 1, 6), (512, false, 5, 4, 6), (513, false, 10, 4, 4), (514, false, 3, 9, 2), (515, true, 9, 10, 3), (516, true, 9, 1, 2), (517, false, 3, 2, 6), (518, true, 5, 1, 3), (519, false, 1, 2, 6), (520, true, 2, 8, 10), (521, true, 4, 5, 6), (522, true, 10, 5, 7), (523, false, 4, 7, 8), (524, false, 3, 1, 7), (525, true, 2, 2, 10), (526, true, 6, 3, 6), (527, false, 5, 10, 9), (528, true, 1, 7, 5), (529, false, 3, 3, 4), (530, false, 4, 2, 4), (531, true, 1, 7, 1), (532, true, 10, 6, 2), (533, false, 3, 8, 3), (534, false, 7, 6, 6), (535, true, 7, 9, 5), (536, false, 1, 10, 3), (537, false, 10, 4, 10), (538, true, 6, 10, 6), (539, true, 2, 9, 1), (540, false, 4, 3, 1), (541, false, 8, 3, 3), (542, false, 8, 6, 1), (543, false, 7, 5, 6), (544, false, 1, 7, 6), (545, false, 5, 3, 2), (546, true, 1, 8, 3), (547, true, 5, 4, 7), (548, false, 3, 6, 2), (549, true, 1, 6, 2), (550, true, 6, 2, 8), (551, false, 8, 5, 3), (552, false, 2, 8, 2), (553, false, 9, 3, 9), (554, false, 7, 1, 6), (555, true, 4, 3, 8), (556, false, 3, 4, 9), (557, false, 4, 2, 8), (558, true, 4, 1, 5), (559, false, 9, 5, 10), (560, true, 6, 3, 7), (561, true, 8, 7, 9), (562, false, 9, 5, 7), (563, true, 9, 7, 4), (564, true, 6, 7, 1), (565, false, 7, 10, 7), (566, true, 2, 9, 3), (567, true, 1, 10, 7), (568, false, 8, 1, 4), (569, false, 8, 8, 1), (570, false, 9, 5, 9), (571, false, 7, 3, 2), (572, false, 7, 5, 2), (573, true, 1, 7, 1), (574, true, 2, 1, 6), (575, true, 3, 4, 6), (576, true, 2, 7, 4), (577, false, 6, 4, 9), (578, true, 8, 7, 2), (579, true, 2, 5, 5), (580, false, 9, 7, 9), (581, true, 7, 9, 9), (582, false, 6, 9, 10), (583, true, 3, 8, 6), (584, true, 6, 10, 1), (585, true, 1, 3, 6), (586, false, 10, 1, 8), (587, true, 4, 9, 3), (588, false, 6, 8, 7), (589, true, 6, 7, 4), (590, true, 10, 6, 5), (591, true, 1, 6, 4), (592, false, 3, 3, 1), (593, false, 10, 5, 10), (594, false, 10, 8, 2), (595, false, 5, 9, 7), (596, true, 7, 3, 7), (597, true, 8, 5, 1), (598, true, 2, 6, 3), (599, true, 1, 3, 6), (600, false, 3, 6, 8), (601, false, 6, 4, 9), (602, false, 6, 10, 1), (603, true, 3, 8, 3), (604, false, 9, 3, 6), (605, false, 8, 2, 3), (606, true, 6, 2, 10), (607, true, 9, 4, 1), (608, true, 6, 7, 5), (609, true, 1, 2, 6), (610, false, 7, 3, 2), (611, true, 2, 2, 9), (612, true, 10, 4, 10), (613, true, 2, 3, 8), (614, false, 4, 2, 2), (615, true, 9, 5, 8), (616, false, 1, 6, 1), (617, false, 4, 3, 9), (618, true, 10, 7, 7), (619, false, 8, 5, 7), (620, false, 3, 5, 10), (621, true, 1, 10, 10), (622, true, 9, 4, 6), (623, false, 10, 5, 6), (624, false, 4, 7, 1), (625, false, 6, 9, 7), (626, true, 3, 4, 10), (627, false, 9, 5, 8), (628, true, 10, 4, 3), (629, false, 9, 4, 4), (630, false, 3, 5, 6), (631, true, 9, 9, 4), (632, true, 8, 9, 8), (633, true, 4, 7, 3), (634, true, 9, 1, 8), (635, false, 10, 7, 10), (636, true, 10, 2, 3), (637, false, 4, 1, 5), (638, false, 3, 2, 5), (639, false, 8, 10, 1), (640, true, 7, 3, 2), (641, false, 8, 6, 9), (642, false, 9, 1, 6), (643, true, 9, 6, 10), (644, true, 7, 8, 6), (645, false, 4, 4, 2), (646, false, 9, 5, 9), (647, true, 8, 5, 4), (648, true, 1, 2, 9), (649, false, 10, 6, 4), (650, false, 6, 9, 4), (651, false, 7, 7, 1), (652, true, 1, 4, 2), (653, true, 8, 1, 4), (654, true, 8, 7, 7), (655, true, 1, 4, 9), (656, false, 8, 3, 9), (657, false, 7, 7, 1), (658, true, 2, 1, 5), (659, true, 3, 5, 6), (660, true, 8, 6, 8), (661, false, 4, 6, 3), (662, false, 6, 5, 6), (663, true, 6, 6, 7), (664, false, 7, 10, 7), (665, true, 4, 3, 6), (666, false, 1, 4, 4), (667, true, 5, 5, 10), (668, false, 3, 1, 1), (669, true, 4, 5, 4), (670, true, 7, 3, 7), (671, true, 7, 2, 8), (672, false, 5, 4, 10), (673, true, 1, 2, 9), (674, true, 4, 8, 8), (675, false, 7, 1, 10), (676, false, 8, 4, 2), (677, false, 3, 3, 1), (678, true, 6, 5, 2), (679, true, 7, 1, 9), (680, true, 8, 2, 9), (681, true, 1, 7, 2), (682, false, 5, 2, 8), (683, true, 9, 4, 3), (684, true, 4, 2, 1), (685, false, 9, 7, 10), (686, true, 7, 3, 4), (687, true, 6, 1, 2), (688, true, 5, 8, 10), (689, false, 4, 10, 8), (690, false, 10, 5, 4), (691, false, 3, 8, 4), (692, true, 3, 2, 2), (693, true, 3, 8, 4), (694, true, 10, 7, 3), (695, true, 1, 10, 1), (696, false, 3, 2, 2), (697, true, 10, 2, 6), (698, true, 9, 8, 10), (699, true, 2, 2, 2), (700, false, 6, 8, 6), (701, true, 7, 6, 4), (702, false, 9, 7, 2), (703, true, 3, 8, 2), (704, true, 10, 8, 4), (705, true, 4, 2, 10), (706, false, 2, 5, 5), (707, true, 7, 5, 8), (708, true, 7, 3, 8), (709, false, 7, 2, 10), (710, true, 3, 5, 9), (711, false, 7, 7, 6), (712, false, 1, 3, 8), (713, true, 1, 7, 6), (714, true, 6, 2, 7), (715, true, 3, 9, 7), (716, true, 8, 3, 8), (717, true, 9, 9, 1), (718, false, 2, 1, 9), (719, false, 7, 7, 1), (720, false, 2, 8, 7), (721, true, 1, 5, 10), (722, true, 4, 10, 1), (723, false, 6, 1, 2), (724, false, 4, 3, 9), (725, true, 1, 4, 4), (726, true, 3, 2, 2), (727, false, 2, 4, 4), (728, false, 10, 9, 7), (729, true, 8, 8, 7), (730, true, 5, 2, 10), (731, false, 8, 1, 1), (732, false, 1, 1, 6), (733, false, 6, 3, 9), (734, true, 9, 9, 5), (735, false, 2, 5, 3), (736, false, 7, 8, 2), (737, true, 3, 9, 7), (738, false, 4, 9, 9), (739, false, 9, 1, 1), (740, false, 5, 6, 8), (741, false, 3, 10, 10), (742, false, 10, 2, 7), (743, false, 9, 7, 5), (744, false, 6, 6, 9), (745, true, 9, 5, 4), (746, false, 3, 4, 4), (747, true, 1, 5, 7), (748, false, 8, 8, 4), (749, false, 5, 3, 6), (750, true, 8, 4, 5), (751, true, 9, 4, 10), (752, true, 1, 4, 4), (753, true, 2, 10, 8), (754, false, 9, 1, 7), (755, true, 4, 1, 6), (756, false, 5, 3, 4), (757, true, 5, 9, 9), (758, true, 3, 5, 10), (759, false, 3, 8, 9), (760, true, 2, 7, 6), (761, true, 5, 8, 3), (762, false, 6, 3, 5), (763, true, 2, 2, 3), (764, true, 1, 9, 10), (765, true, 1, 3, 8), (766, true, 4, 4, 1), (767, false, 2, 3, 7), (768, false, 9, 7, 3), (769, false, 7, 9, 8), (770, false, 9, 8, 10), (771, true, 4, 4, 4), (772, true, 3, 3, 2), (773, true, 2, 7, 10), (774, false, 7, 8, 5), (775, true, 3, 4, 8), (776, false, 5, 3, 6), (777, true, 10, 8, 9), (778, true, 9, 2, 2), (779, false, 6, 8, 8), (780, true, 2, 7, 4), (781, false, 10, 1, 7), (782, true, 5, 7, 4), (783, false, 6, 6, 2), (784, false, 2, 1, 8), (785, true, 3, 6, 2), (786, true, 5, 8, 8), (787, true, 6, 1, 6), (788, false, 7, 4, 5), (789, true, 10, 1, 9), (790, true, 1, 7, 2), (791, true, 6, 6, 4), (792, true, 9, 9, 4), (793, true, 4, 4, 2), (794, true, 7, 4, 1), (795, false, 4, 7, 9), (796, false, 7, 3, 5), (797, false, 8, 5, 5), (798, false, 7, 4, 9), (799, true, 1, 6, 9), (800, false, 5, 6, 4), (801, false, 7, 7, 4), (802, true, 2, 2, 4), (803, true, 9, 10, 3), (804, false, 10, 5, 6), (805, false, 1, 10, 10), (806, false, 10, 9, 6), (807, false, 5, 3, 9), (808, false, 5, 1, 5), (809, true, 2, 4, 10), (810, true, 2, 5, 6), (811, false, 4, 1, 5), (812, false, 8, 4, 4), (813, true, 10, 6, 9), (814, false, 8, 3, 10), (815, false, 7, 5, 2), (816, true, 3, 2, 7), (817, false, 6, 3, 1), (818, true, 5, 5, 8), (819, true, 10, 3, 10), (820, false, 9, 8, 3), (821, true, 5, 10, 10), (822, true, 9, 7, 1), (823, false, 1, 9, 3), (824, true, 3, 7, 10), (825, true, 1, 9, 9), (826, true, 2, 4, 10), (827, false, 1, 6, 6), (828, true, 3, 1, 7), (829, false, 6, 2, 5), (830, false, 4, 3, 5), (831, true, 1, 2, 1), (832, true, 10, 9, 9), (833, true, 9, 3, 5), (834, false, 5, 10, 7), (835, false, 1, 2, 3), (836, true, 9, 1, 4), (837, true, 6, 5, 7), (838, false, 2, 8, 1), (839, false, 2, 10, 2), (840, false, 6, 10, 6), (841, false, 5, 6, 10), (842, true, 8, 8, 4), (843, true, 6, 7, 8), (844, false, 9, 6, 7), (845, true, 4, 8, 3), (846, false, 9, 3, 7), (847, true, 3, 7, 9), (848, true, 10, 4, 1), (849, true, 4, 8, 7), (850, false, 8, 6, 8), (851, false, 6, 7, 8), (852, true, 1, 3, 6), (853, false, 6, 3, 9), (854, true, 7, 10, 10), (855, true, 2, 8, 5), (856, true, 8, 9, 5), (857, false, 3, 8, 2), (858, false, 2, 4, 5), (859, true, 7, 2, 2), (860, false, 9, 3, 4), (861, false, 1, 4, 8), (862, true, 4, 1, 2), (863, true, 1, 4, 4), (864, false, 1, 10, 9), (865, true, 4, 6, 3), (866, true, 3, 3, 7), (867, false, 4, 6, 8), (868, false, 10, 5, 8), (869, false, 10, 10, 7), (870, true, 3, 7, 4), (871, false, 6, 3, 3), (872, false, 4, 10, 10), (873, true, 7, 7, 4), (874, true, 3, 8, 3), (875, true, 2, 8, 2), (876, true, 4, 4, 8), (877, true, 4, 7, 1), (878, true, 5, 9, 2), (879, false, 1, 3, 2), (880, true, 7, 9, 10), (881, false, 3, 8, 2), (882, true, 3, 1, 4), (883, false, 8, 8, 2), (884, false, 1, 2, 5), (885, true, 9, 8, 1), (886, true, 9, 10, 4), (887, false, 10, 8, 7), (888, true, 3, 10, 3), (889, false, 5, 8, 8), (890, true, 10, 3, 1), (891, false, 6, 10, 5), (892, false, 1, 6, 6), (893, true, 6, 6, 1), (894, false, 10, 5, 2), (895, true, 3, 1, 2), (896, false, 10, 5, 8), (897, false, 7, 4, 7), (898, true, 3, 7, 4), (899, true, 7, 6, 8), (900, false, 8, 5, 3), (901, false, 7, 7, 10), (902, true, 9, 1, 8), (903, true, 6, 1, 8), (904, false, 4, 1, 7), (905, false, 3, 5, 1), (906, true, 3, 6, 3), (907, false, 6, 3, 8), (908, true, 5, 7, 9), (909, true, 7, 3, 1), (910, true, 2, 7, 1), (911, true, 4, 5, 8), (912, true, 7, 4, 1), (913, false, 9, 7, 5), (914, false, 6, 7, 6), (915, true, 3, 3, 4), (916, true, 1, 3, 4), (917, true, 2, 5, 2), (918, false, 10, 9, 9), (919, false, 3, 6, 2), (920, true, 1, 5, 3), (921, false, 9, 3, 1), (922, true, 10, 7, 5), (923, false, 8, 7, 8), (924, true, 3, 1, 9), (925, false, 8, 9, 7), (926, false, 8, 3, 10), (927, false, 1, 3, 8), (928, false, 3, 2, 1), (929, true, 3, 3, 7), (930, true, 5, 3, 10), (931, false, 4, 7, 5), (932, true, 7, 8, 5), (933, true, 6, 8, 9), (934, false, 4, 7, 8), (935, false, 1, 5, 4), (936, true, 10, 6, 1), (937, false, 6, 2, 2), (938, true, 2, 3, 8), (939, true, 5, 8, 5), (940, true, 3, 10, 3), (941, false, 5, 5, 3), (942, false, 1, 7, 9), (943, true, 10, 9, 5), (944, false, 2, 6, 7), (945, false, 6, 2, 7), (946, false, 3, 9, 10), (947, true, 5, 7, 8), (948, true, 8, 6, 5), (949, false, 8, 10, 5), (950, true, 7, 2, 4), (951, false, 7, 7, 1), (952, false, 1, 4, 4), (953, false, 3, 3, 6), (954, false, 3, 5, 6), (955, true, 4, 7, 1), (956, false, 9, 6, 2), (957, false, 7, 3, 2), (958, true, 6, 8, 6), (959, true, 9, 2, 10), (960, false, 10, 5, 2), (961, true, 10, 7, 3), (962, true, 3, 7, 6), (963, true, 1, 9, 7), (964, true, 1, 7, 5), (965, true, 5, 3, 1), (966, true, 3, 5, 7), (967, true, 2, 8, 7), (968, true, 10, 7, 9), (969, true, 8, 6, 1), (970, true, 4, 9, 2), (971, true, 2, 9, 1), (972, false, 7, 2, 3), (973, false, 5, 5, 6), (974, false, 1, 2, 1), (975, true, 7, 7, 7), (976, false, 7, 4, 1), (977, false, 4, 6, 9), (978, true, 2, 9, 5), (979, false, 10, 7, 9), (980, true, 6, 6, 8), (981, true, 1, 9, 5), (982, true, 5, 1, 4), (983, true, 5, 2, 7), (984, false, 3, 2, 5), (985, true, 9, 8, 7), (986, true, 3, 6, 9), (987, false, 8, 3, 6), (988, true, 1, 9, 8), (989, false, 2, 10, 10), (990, false, 4, 1, 8), (991, false, 1, 6, 10), (992, true, 9, 4, 8), (993, true, 9, 6, 3), (994, false, 2, 10, 8), (995, true, 4, 1, 3), (996, true, 5, 8, 2), (997, false, 10, 10, 5), (998, false, 5, 3, 8), (999, true, 9, 6, 6), (1000, false, 6, 6, 5);
